swim_site,region,long,lat,since,unsafe,n
Avalon Beach,Northern Sydney,151.332569,-33.635658,0,0.1,30
Avalon Beach,Northern Sydney,151.332569,-33.635658,1,0.12121212121212122,33
Avalon Beach,Northern Sydney,151.332569,-33.635658,2,0.024390243902439025,41
Avalon Beach,Northern Sydney,151.332569,-33.635658,3,0.034482758620689655,29
Avalon Beach,Northern Sydney,151.332569,-33.635658,4,0,34
Avalon Beach,Northern Sydney,151.332569,-33.635658,5,0.02702702702702703,37
Avalon Beach,Northern Sydney,151.332569,-33.635658,6,0,22
Avalon Beach,Northern Sydney,151.332569,-33.635658,7,0,27
Balmoral Baths,Sydney Harbour,151.253476,-33.826888,0,0.4883720930232558,43
Balmoral Baths,Sydney Harbour,151.253476,-33.826888,1,0.6,25
Balmoral Baths,Sydney Harbour,151.253476,-33.826888,2,0.5454545454545454,33
Balmoral Baths,Sydney Harbour,151.253476,-33.826888,3,0.34782608695652173,23
Balmoral Baths,Sydney Harbour,151.253476,-33.826888,4,0.2,25
Balmoral Baths,Sydney Harbour,151.253476,-33.826888,5,0.04,25
Balmoral Baths,Sydney Harbour,151.253476,-33.826888,6,0.17857142857142858,28
Balmoral Baths,Sydney Harbour,151.253476,-33.826888,7,0.1,30
Bilarong Reserve,Northern Sydney,151.286896,-33.710668,0,0.5882352941176471,17
Bilarong Reserve,Northern Sydney,151.286896,-33.710668,1,0.7142857142857143,14
Bilarong Reserve,Northern Sydney,151.286896,-33.710668,2,0.7058823529411765,17
Bilarong Reserve,Northern Sydney,151.286896,-33.710668,3,0.42857142857142855,7
Bilarong Reserve,Northern Sydney,151.286896,-33.710668,4,0.6666666666666666,9
Bilarong Reserve,Northern Sydney,151.286896,-33.710668,5,0.5294117647058824,17
Bilarong Reserve,Northern Sydney,151.286896,-33.710668,6,0.3333333333333333,9
Bilarong Reserve,Northern Sydney,151.286896,-33.710668,7,0.1,10
Bilgola Beach,Northern Sydney,151.328774,-33.645256,0,0.36666666666666664,30
Bilgola Beach,Northern Sydney,151.328774,-33.645256,1,0.36363636363636365,33
Bilgola Beach,Northern Sydney,151.328774,-33.645256,2,0.07317073170731707,41
Bilgola Beach,Northern Sydney,151.328774,-33.645256,3,0.10344827586206896,29
Bilgola Beach,Northern Sydney,151.328774,-33.645256,4,0.14705882352941177,34
Bilgola Beach,Northern Sydney,151.328774,-33.645256,5,0.05405405405405406,37
Bilgola Beach,Northern Sydney,151.328774,-33.645256,6,0.045454545454545456,22
Bilgola Beach,Northern Sydney,151.328774,-33.645256,7,0.037037037037037035,27
Boat Harbour,Southern Sydney,151.200127,-34.038723,0,0.5757575757575758,33
Boat Harbour,Southern Sydney,151.200127,-34.038723,1,0.5277777777777778,36
Boat Harbour,Southern Sydney,151.200127,-34.038723,2,0.4878048780487805,41
Boat Harbour,Southern Sydney,151.200127,-34.038723,3,0.5238095238095238,42
Boat Harbour,Southern Sydney,151.200127,-34.038723,4,0.4,30
Boat Harbour,Southern Sydney,151.200127,-34.038723,5,0.3125,32
Boat Harbour,Southern Sydney,151.200127,-34.038723,6,0.42857142857142855,28
Boat Harbour,Southern Sydney,151.200127,-34.038723,7,0.2903225806451613,31
Bondi Beach,Sydney City,151.278267,-33.891157,0,0.4375,32
Bondi Beach,Sydney City,151.278267,-33.891157,1,0.5625,32
Bondi Beach,Sydney City,151.278267,-33.891157,2,0.2553191489361702,47
Bondi Beach,Sydney City,151.278267,-33.891157,3,0.1282051282051282,39
Bondi Beach,Sydney City,151.278267,-33.891157,4,0.1935483870967742,31
Bondi Beach,Sydney City,151.278267,-33.891157,5,0.13513513513513514,37
Bondi Beach,Sydney City,151.278267,-33.891157,6,0.2222222222222222,18
Bondi Beach,Sydney City,151.278267,-33.891157,7,0.058823529411764705,34
Bronte Beach,Sydney City,151.26879,-33.903087,0,0.53125,32
Bronte Beach,Sydney City,151.26879,-33.903087,1,0.6176470588235294,34
Bronte Beach,Sydney City,151.26879,-33.903087,2,0.3191489361702128,47
Bronte Beach,Sydney City,151.26879,-33.903087,3,0.2,40
Bronte Beach,Sydney City,151.26879,-33.903087,4,0.25806451612903225,31
Bronte Beach,Sydney City,151.26879,-33.903087,5,0.18421052631578946,38
Bronte Beach,Sydney City,151.26879,-33.903087,6,0.2222222222222222,18
Bronte Beach,Sydney City,151.26879,-33.903087,7,0.1111111111111111,36
Bungan Beach,Northern Sydney,151.320776,-33.665919,0,0.26666666666666666,30
Bungan Beach,Northern Sydney,151.320776,-33.665919,1,0.3125,32
Bungan Beach,Northern Sydney,151.320776,-33.665919,2,0.04878048780487805,41
Bungan Beach,Northern Sydney,151.320776,-33.665919,3,0.06896551724137931,29
Bungan Beach,Northern Sydney,151.320776,-33.665919,4,0.08823529411764706,34
Bungan Beach,Northern Sydney,151.320776,-33.665919,5,0.05405405405405406,37
Bungan Beach,Northern Sydney,151.320776,-33.665919,6,0.045454545454545456,22
Bungan Beach,Northern Sydney,151.320776,-33.665919,7,0,27
Cabarita Beach,Sydney Harbour,151.11863,-33.841448,0,0.36585365853658536,41
Cabarita Beach,Sydney Harbour,151.11863,-33.841448,1,0.8461538461538461,26
Cabarita Beach,Sydney Harbour,151.11863,-33.841448,2,0.8888888888888888,27
Cabarita Beach,Sydney Harbour,151.11863,-33.841448,3,0.5714285714285714,21
Cabarita Beach,Sydney Harbour,151.11863,-33.841448,4,0.34782608695652173,23
Cabarita Beach,Sydney Harbour,151.11863,-33.841448,5,0.125,24
Cabarita Beach,Sydney Harbour,151.11863,-33.841448,6,0.2,25
Cabarita Beach,Sydney Harbour,151.11863,-33.841448,7,0.10714285714285714,28
Callan Park Seawall,Sydney Harbour,151.159306,-33.862333,0,0.5384615384615384,13
Callan Park Seawall,Sydney Harbour,151.159306,-33.862333,1,0.6666666666666666,6
Callan Park Seawall,Sydney Harbour,151.159306,-33.862333,2,0.7777777777777778,9
Callan Park Seawall,Sydney Harbour,151.159306,-33.862333,3,0.14285714285714285,7
Callan Park Seawall,Sydney Harbour,151.159306,-33.862333,4,1,2
Callan Park Seawall,Sydney Harbour,151.159306,-33.862333,5,0.14285714285714285,7
Callan Park Seawall,Sydney Harbour,151.159306,-33.862333,6,0.125,8
Callan Park Seawall,Sydney Harbour,151.159306,-33.862333,7,0.125,8
Camp Cove,Sydney Harbour,151.278758,-33.839395,0,0.16666666666666666,18
Camp Cove,Sydney Harbour,151.278758,-33.839395,1,0.2727272727272727,11
Camp Cove,Sydney Harbour,151.278758,-33.839395,2,0.3,10
Camp Cove,Sydney Harbour,151.278758,-33.839395,3,0.125,8
Camp Cove,Sydney Harbour,151.278758,-33.839395,4,0,3
Camp Cove,Sydney Harbour,151.278758,-33.839395,5,0,11
Camp Cove,Sydney Harbour,151.278758,-33.839395,6,0,8
Camp Cove,Sydney Harbour,151.278758,-33.839395,7,0.08333333333333333,12
Chinamans Beach,Sydney Harbour,151.248971,-33.814094,0,0.2571428571428571,35
Chinamans Beach,Sydney Harbour,151.248971,-33.814094,1,0.6363636363636364,22
Chinamans Beach,Sydney Harbour,151.248971,-33.814094,2,0.4166666666666667,24
Chinamans Beach,Sydney Harbour,151.248971,-33.814094,3,0.3684210526315789,19
Chinamans Beach,Sydney Harbour,151.248971,-33.814094,4,0.21052631578947367,19
Chinamans Beach,Sydney Harbour,151.248971,-33.814094,5,0,21
Chinamans Beach,Sydney Harbour,151.248971,-33.814094,6,0.22727272727272727,22
Chinamans Beach,Sydney Harbour,151.248971,-33.814094,7,0.16,25
Chiswick Baths,Sydney Harbour,151.142892,-33.847168,0,0.37142857142857144,35
Chiswick Baths,Sydney Harbour,151.142892,-33.847168,1,0.782608695652174,23
Chiswick Baths,Sydney Harbour,151.142892,-33.847168,2,0.68,25
Chiswick Baths,Sydney Harbour,151.142892,-33.847168,3,0.42105263157894735,19
Chiswick Baths,Sydney Harbour,151.142892,-33.847168,4,0.19047619047619047,21
Chiswick Baths,Sydney Harbour,151.142892,-33.847168,5,0.045454545454545456,22
Chiswick Baths,Sydney Harbour,151.142892,-33.847168,6,0.22727272727272727,22
Chiswick Baths,Sydney Harbour,151.142892,-33.847168,7,0.11538461538461539,26
Clifton Gardens,Sydney Harbour,151.253349,-33.839154,0,0.40476190476190477,42
Clifton Gardens,Sydney Harbour,151.253349,-33.839154,1,0.6086956521739131,23
Clifton Gardens,Sydney Harbour,151.253349,-33.839154,2,0.5,30
Clifton Gardens,Sydney Harbour,151.253349,-33.839154,3,0.22727272727272727,22
Clifton Gardens,Sydney Harbour,151.253349,-33.839154,4,0.17391304347826086,23
Clifton Gardens,Sydney Harbour,151.253349,-33.839154,5,0.04,25
Clifton Gardens,Sydney Harbour,151.253349,-33.839154,6,0.21428571428571427,28
Clifton Gardens,Sydney Harbour,151.253349,-33.839154,7,0.13793103448275862,29
Clontarf Pool,Sydney Harbour,151.25172,-33.80579,0,0.3953488372093023,43
Clontarf Pool,Sydney Harbour,151.25172,-33.80579,1,0.64,25
Clontarf Pool,Sydney Harbour,151.25172,-33.80579,2,0.7272727272727273,33
Clontarf Pool,Sydney Harbour,151.25172,-33.80579,3,0.43478260869565216,23
Clontarf Pool,Sydney Harbour,151.25172,-33.80579,4,0.36,25
Clontarf Pool,Sydney Harbour,151.25172,-33.80579,5,0.12,25
Clontarf Pool,Sydney Harbour,151.25172,-33.80579,6,0.27586206896551724,29
Clontarf Pool,Sydney Harbour,151.25172,-33.80579,7,0.13333333333333333,30
Clovelly Beach,Sydney City,151.267659,-33.914578,0,0.30303030303030304,33
Clovelly Beach,Sydney City,151.267659,-33.914578,1,0.40625,32
Clovelly Beach,Sydney City,151.267659,-33.914578,2,0.19148936170212766,47
Clovelly Beach,Sydney City,151.267659,-33.914578,3,0.2564102564102564,39
Clovelly Beach,Sydney City,151.267659,-33.914578,4,0.1935483870967742,31
Clovelly Beach,Sydney City,151.267659,-33.914578,5,0.13513513513513514,37
Clovelly Beach,Sydney City,151.267659,-33.914578,6,0.2631578947368421,19
Clovelly Beach,Sydney City,151.267659,-33.914578,7,0.09090909090909091,33
Collaroy Beach,Northern Sydney,151.302884,-33.732619,0,0.42424242424242425,33
Collaroy Beach,Northern Sydney,151.302884,-33.732619,1,0.5625,32
Collaroy Beach,Northern Sydney,151.302884,-33.732619,2,0.11363636363636363,44
Collaroy Beach,Northern Sydney,151.302884,-33.732619,3,0.17857142857142858,28
Collaroy Beach,Northern Sydney,151.302884,-33.732619,4,0.13793103448275862,29
Collaroy Beach,Northern Sydney,151.302884,-33.732619,5,0.07692307692307693,39
Collaroy Beach,Northern Sydney,151.302884,-33.732619,6,0.09090909090909091,22
Collaroy Beach,Northern Sydney,151.302884,-33.732619,7,0.037037037037037035,27
Coogee Beach,Sydney City,151.25817,-33.92076,0,0.5625,32
Coogee Beach,Sydney City,151.25817,-33.92076,1,0.7777777777777778,36
Coogee Beach,Sydney City,151.25817,-33.92076,2,0.425531914893617,47
Coogee Beach,Sydney City,151.25817,-33.92076,3,0.3170731707317073,41
Coogee Beach,Sydney City,151.25817,-33.92076,4,0.3225806451612903,31
Coogee Beach,Sydney City,151.25817,-33.92076,5,0.23076923076923078,39
Coogee Beach,Sydney City,151.25817,-33.92076,6,0.2777777777777778,18
Coogee Beach,Sydney City,151.25817,-33.92076,7,0.25,36
Darling Harbour,Sydney Harbour,151.20069,-33.87129,0,0.8292682926829268,41
Darling Harbour,Sydney Harbour,151.20069,-33.87129,1,0.875,24
Darling Harbour,Sydney Harbour,151.20069,-33.87129,2,0.8888888888888888,27
Darling Harbour,Sydney Harbour,151.20069,-33.87129,3,0.7619047619047619,21
Darling Harbour,Sydney Harbour,151.20069,-33.87129,4,0.5,22
Darling Harbour,Sydney Harbour,151.20069,-33.87129,5,0.2916666666666667,24
Darling Harbour,Sydney Harbour,151.20069,-33.87129,6,0.48,25
Darling Harbour,Sydney Harbour,151.20069,-33.87129,7,0.41379310344827586,29
Davidson Reserve,Sydney Harbour,151.200343,-33.767929,0,0.6744186046511628,43
Davidson Reserve,Sydney Harbour,151.200343,-33.767929,1,0.96,25
Davidson Reserve,Sydney Harbour,151.200343,-33.767929,2,1,29
Davidson Reserve,Sydney Harbour,151.200343,-33.767929,3,0.7727272727272727,22
Davidson Reserve,Sydney Harbour,151.200343,-33.767929,4,0.5652173913043478,23
Davidson Reserve,Sydney Harbour,151.200343,-33.767929,5,0.28,25
Davidson Reserve,Sydney Harbour,151.200343,-33.767929,6,0.35714285714285715,28
Davidson Reserve,Sydney Harbour,151.200343,-33.767929,7,0.3793103448275862,29
Dawn Fraser Pool,Sydney Harbour,151.172823,-33.853237,0,0.4883720930232558,43
Dawn Fraser Pool,Sydney Harbour,151.172823,-33.853237,1,0.8333333333333334,24
Dawn Fraser Pool,Sydney Harbour,151.172823,-33.853237,2,0.8,30
Dawn Fraser Pool,Sydney Harbour,151.172823,-33.853237,3,0.3181818181818182,22
Dawn Fraser Pool,Sydney Harbour,151.172823,-33.853237,4,0.3333333333333333,24
Dawn Fraser Pool,Sydney Harbour,151.172823,-33.853237,5,0.04,25
Dawn Fraser Pool,Sydney Harbour,151.172823,-33.853237,6,0.20689655172413793,29
Dawn Fraser Pool,Sydney Harbour,151.172823,-33.853237,7,0.13793103448275862,29
Dee Why Beach,Northern Sydney,151.297338,-33.753299,0,0.3333333333333333,33
Dee Why Beach,Northern Sydney,151.297338,-33.753299,1,0.42424242424242425,33
Dee Why Beach,Northern Sydney,151.297338,-33.753299,2,0.09090909090909091,44
Dee Why Beach,Northern Sydney,151.297338,-33.753299,3,0.17857142857142858,28
Dee Why Beach,Northern Sydney,151.297338,-33.753299,4,0.10344827586206896,29
Dee Why Beach,Northern Sydney,151.297338,-33.753299,5,0.1282051282051282,39
Dee Why Beach,Northern Sydney,151.297338,-33.753299,6,0.18181818181818182,22
Dee Why Beach,Northern Sydney,151.297338,-33.753299,7,0.037037037037037035,27
Edwards Beach,Sydney Harbour,151.25283,-33.82138,0,0.40476190476190477,42
Edwards Beach,Sydney Harbour,151.25283,-33.82138,1,0.4583333333333333,24
Edwards Beach,Sydney Harbour,151.25283,-33.82138,2,0.41935483870967744,31
Edwards Beach,Sydney Harbour,151.25283,-33.82138,3,0.18181818181818182,22
Edwards Beach,Sydney Harbour,151.25283,-33.82138,4,0.17391304347826086,23
Edwards Beach,Sydney Harbour,151.25283,-33.82138,5,0.04,25
Edwards Beach,Sydney Harbour,151.25283,-33.82138,6,0.17857142857142858,28
Edwards Beach,Sydney Harbour,151.25283,-33.82138,7,0.06896551724137931,29
Elouera Beach,Southern Sydney,151.15966,-34.04661,0,0.11764705882352941,34
Elouera Beach,Southern Sydney,151.15966,-34.04661,1,0.275,40
Elouera Beach,Southern Sydney,151.15966,-34.04661,2,0.3333333333333333,42
Elouera Beach,Southern Sydney,151.15966,-34.04661,3,0.23809523809523808,42
Elouera Beach,Southern Sydney,151.15966,-34.04661,4,0.0967741935483871,31
Elouera Beach,Southern Sydney,151.15966,-34.04661,5,0.125,32
Elouera Beach,Southern Sydney,151.15966,-34.04661,6,0.10344827586206896,29
Elouera Beach,Southern Sydney,151.15966,-34.04661,7,0.06451612903225806,31
Fairlight Beach,Sydney Harbour,151.274778,-33.800731,0,0.375,40
Fairlight Beach,Sydney Harbour,151.274778,-33.800731,1,0.5,24
Fairlight Beach,Sydney Harbour,151.274778,-33.800731,2,0.44,25
Fairlight Beach,Sydney Harbour,151.274778,-33.800731,3,0.09523809523809523,21
Fairlight Beach,Sydney Harbour,151.274778,-33.800731,4,0.09523809523809523,21
Fairlight Beach,Sydney Harbour,151.274778,-33.800731,5,0,23
Fairlight Beach,Sydney Harbour,151.274778,-33.800731,6,0.23076923076923078,26
Fairlight Beach,Sydney Harbour,151.274778,-33.800731,7,0.14814814814814814,27
Forty Baskets Pool,Sydney Harbour,151.270604,-33.803133,0,0.4883720930232558,43
Forty Baskets Pool,Sydney Harbour,151.270604,-33.803133,1,0.7083333333333334,24
Forty Baskets Pool,Sydney Harbour,151.270604,-33.803133,2,0.5161290322580645,31
Forty Baskets Pool,Sydney Harbour,151.270604,-33.803133,3,0.22727272727272727,22
Forty Baskets Pool,Sydney Harbour,151.270604,-33.803133,4,0.17391304347826086,23
Forty Baskets Pool,Sydney Harbour,151.270604,-33.803133,5,0.08,25
Forty Baskets Pool,Sydney Harbour,151.270604,-33.803133,6,0.14285714285714285,28
Forty Baskets Pool,Sydney Harbour,151.270604,-33.803133,7,0.10344827586206896,29
Freshwater Beach,Northern Sydney,151.29076,-33.78164,0,0.34375,32
Freshwater Beach,Northern Sydney,151.29076,-33.78164,1,0.59375,32
Freshwater Beach,Northern Sydney,151.29076,-33.78164,2,0.18181818181818182,44
Freshwater Beach,Northern Sydney,151.29076,-33.78164,3,0.2857142857142857,28
Freshwater Beach,Northern Sydney,151.29076,-33.78164,4,0.10344827586206896,29
Freshwater Beach,Northern Sydney,151.29076,-33.78164,5,0.15384615384615385,39
Freshwater Beach,Northern Sydney,151.29076,-33.78164,6,0.047619047619047616,21
Freshwater Beach,Northern Sydney,151.29076,-33.78164,7,0.037037037037037035,27
Gordons Bay (East),Sydney City,151.264558,-33.915646,0,0.25,16
Gordons Bay (East),Sydney City,151.264558,-33.915646,1,0.3333333333333333,12
Gordons Bay (East),Sydney City,151.264558,-33.915646,2,0.19047619047619047,21
Gordons Bay (East),Sydney City,151.264558,-33.915646,3,0.058823529411764705,17
Gordons Bay (East),Sydney City,151.264558,-33.915646,4,0.07692307692307693,13
Gordons Bay (East),Sydney City,151.264558,-33.915646,5,0.13333333333333333,15
Gordons Bay (East),Sydney City,151.264558,-33.915646,6,0,5
Gordons Bay (East),Sydney City,151.264558,-33.915646,7,0.17647058823529413,17
Greenhills Beach,Southern Sydney,151.18418,-34.03479,0,0.2647058823529412,34
Greenhills Beach,Southern Sydney,151.18418,-34.03479,1,0.2702702702702703,37
Greenhills Beach,Southern Sydney,151.18418,-34.03479,2,0.275,40
Greenhills Beach,Southern Sydney,151.18418,-34.03479,3,0.2926829268292683,41
Greenhills Beach,Southern Sydney,151.18418,-34.03479,4,0.1,30
Greenhills Beach,Southern Sydney,151.18418,-34.03479,5,0.25,32
Greenhills Beach,Southern Sydney,151.18418,-34.03479,6,0.10714285714285714,28
Greenhills Beach,Southern Sydney,151.18418,-34.03479,7,0.12903225806451613,31
Greenwich Baths,Sydney Harbour,151.1829,-33.84176,0,0.38095238095238093,42
Greenwich Baths,Sydney Harbour,151.1829,-33.84176,1,0.72,25
Greenwich Baths,Sydney Harbour,151.1829,-33.84176,2,0.78125,32
Greenwich Baths,Sydney Harbour,151.1829,-33.84176,3,0.34782608695652173,23
Greenwich Baths,Sydney Harbour,151.1829,-33.84176,4,0.36,25
Greenwich Baths,Sydney Harbour,151.1829,-33.84176,5,0.12,25
Greenwich Baths,Sydney Harbour,151.1829,-33.84176,6,0.14285714285714285,28
Greenwich Baths,Sydney Harbour,151.1829,-33.84176,7,0.13333333333333333,30
Gurney Crescent Baths,Sydney Harbour,151.235278,-33.793451,0,0.4634146341463415,41
Gurney Crescent Baths,Sydney Harbour,151.235278,-33.793451,1,0.8260869565217391,23
Gurney Crescent Baths,Sydney Harbour,151.235278,-33.793451,2,0.8,25
Gurney Crescent Baths,Sydney Harbour,151.235278,-33.793451,3,0.6666666666666666,21
Gurney Crescent Baths,Sydney Harbour,151.235278,-33.793451,4,0.38095238095238093,21
Gurney Crescent Baths,Sydney Harbour,151.235278,-33.793451,5,0.13043478260869565,23
Gurney Crescent Baths,Sydney Harbour,151.235278,-33.793451,6,0.32,25
Gurney Crescent Baths,Sydney Harbour,151.235278,-33.793451,7,0.18518518518518517,27
Hayes Street Beach,Sydney Harbour,151.219382,-33.841715,0,0.5813953488372093,43
Hayes Street Beach,Sydney Harbour,151.219382,-33.841715,1,0.8333333333333334,24
Hayes Street Beach,Sydney Harbour,151.219382,-33.841715,2,0.6333333333333333,30
Hayes Street Beach,Sydney Harbour,151.219382,-33.841715,3,0.3181818181818182,22
Hayes Street Beach,Sydney Harbour,151.219382,-33.841715,4,0.25,24
Hayes Street Beach,Sydney Harbour,151.219382,-33.841715,5,0.12,25
Hayes Street Beach,Sydney Harbour,151.219382,-33.841715,6,0.10344827586206896,29
Hayes Street Beach,Sydney Harbour,151.219382,-33.841715,7,0.1724137931034483,29
Henley Baths (Kelly Street Baths),Sydney Harbour,151.1317,-33.84353,0,0.47368421052631576,19
Henley Baths (Kelly Street Baths),Sydney Harbour,151.1317,-33.84353,1,0.8461538461538461,13
Henley Baths (Kelly Street Baths),Sydney Harbour,151.1317,-33.84353,2,0.7142857142857143,7
Henley Baths (Kelly Street Baths),Sydney Harbour,151.1317,-33.84353,3,0.5,10
Henley Baths (Kelly Street Baths),Sydney Harbour,151.1317,-33.84353,4,0.46153846153846156,13
Henley Baths (Kelly Street Baths),Sydney Harbour,151.1317,-33.84353,5,0.25,8
Henley Baths (Kelly Street Baths),Sydney Harbour,151.1317,-33.84353,6,0.17647058823529413,17
Henley Baths (Kelly Street Baths),Sydney Harbour,151.1317,-33.84353,7,0.14285714285714285,14
Little Bay Beach,Sydney City,151.251417,-33.979882,0,0.44,25
Little Bay Beach,Sydney City,151.251417,-33.979882,1,0.52,25
Little Bay Beach,Sydney City,151.251417,-33.979882,2,0.25,32
Little Bay Beach,Sydney City,151.251417,-33.979882,3,0.2692307692307692,26
Little Bay Beach,Sydney City,151.251417,-33.979882,4,0.22727272727272727,22
Little Bay Beach,Sydney City,151.251417,-33.979882,5,0.20833333333333334,24
Little Bay Beach,Sydney City,151.251417,-33.979882,6,0.15384615384615385,13
Little Bay Beach,Sydney City,151.251417,-33.979882,7,0.15384615384615385,26
Little Manly Cove,Sydney Harbour,151.286808,-33.807232,0,0.3333333333333333,42
Little Manly Cove,Sydney Harbour,151.286808,-33.807232,1,0.7083333333333334,24
Little Manly Cove,Sydney Harbour,151.286808,-33.807232,2,0.43333333333333335,30
Little Manly Cove,Sydney Harbour,151.286808,-33.807232,3,0.2727272727272727,22
Little Manly Cove,Sydney Harbour,151.286808,-33.807232,4,0.21739130434782608,23
Little Manly Cove,Sydney Harbour,151.286808,-33.807232,5,0.04,25
Little Manly Cove,Sydney Harbour,151.286808,-33.807232,6,0.2857142857142857,28
Little Manly Cove,Sydney Harbour,151.286808,-33.807232,7,0.13793103448275862,29
Little Sirius Cove,Sydney Harbour,151.23581,-33.84167,0,0.8571428571428571,21
Little Sirius Cove,Sydney Harbour,151.23581,-33.84167,1,1,13
Little Sirius Cove,Sydney Harbour,151.23581,-33.84167,2,0.9166666666666666,12
Little Sirius Cove,Sydney Harbour,151.23581,-33.84167,3,0.6363636363636364,11
Little Sirius Cove,Sydney Harbour,151.23581,-33.84167,4,0.375,16
Little Sirius Cove,Sydney Harbour,151.23581,-33.84167,5,0.2,10
Little Sirius Cove,Sydney Harbour,151.23581,-33.84167,6,0.45,20
Little Sirius Cove,Sydney Harbour,151.23581,-33.84167,7,0.375,16
Long Reef Beach,Northern Sydney,151.30593,-33.74525,0,0.0625,32
Long Reef Beach,Northern Sydney,151.30593,-33.74525,1,0.36363636363636365,33
Long Reef Beach,Northern Sydney,151.30593,-33.74525,2,0.13636363636363635,44
Long Reef Beach,Northern Sydney,151.30593,-33.74525,3,0.14285714285714285,28
Long Reef Beach,Northern Sydney,151.30593,-33.74525,4,0.03571428571428571,28
Long Reef Beach,Northern Sydney,151.30593,-33.74525,5,0.10256410256410256,39
Long Reef Beach,Northern Sydney,151.30593,-33.74525,6,0.14285714285714285,21
Long Reef Beach,Northern Sydney,151.30593,-33.74525,7,0.07407407407407407,27
Malabar Beach,Sydney City,151.252247,-33.96436,0,0.5625,32
Malabar Beach,Sydney City,151.252247,-33.96436,1,0.7647058823529411,34
Malabar Beach,Sydney City,151.252247,-33.96436,2,0.2978723404255319,47
Malabar Beach,Sydney City,151.252247,-33.96436,3,0.4,40
Malabar Beach,Sydney City,151.252247,-33.96436,4,0.46875,32
Malabar Beach,Sydney City,151.252247,-33.96436,5,0.23684210526315788,38
Malabar Beach,Sydney City,151.252247,-33.96436,6,0.5,18
Malabar Beach,Sydney City,151.252247,-33.96436,7,0.17647058823529413,34
Manly Cove,Sydney Harbour,151.282519,-33.79944,0,0.3333333333333333,42
Manly Cove,Sydney Harbour,151.282519,-33.79944,1,0.52,25
Manly Cove,Sydney Harbour,151.282519,-33.79944,2,0.53125,32
Manly Cove,Sydney Harbour,151.282519,-33.79944,3,0.2608695652173913,23
Manly Cove,Sydney Harbour,151.282519,-33.79944,4,0.28,25
Manly Cove,Sydney Harbour,151.282519,-33.79944,5,0.08,25
Manly Cove,Sydney Harbour,151.282519,-33.79944,6,0.32142857142857145,28
Manly Cove,Sydney Harbour,151.282519,-33.79944,7,0.2,30
Maroubra Beach,Sydney City,151.257459,-33.948896,0,0.40625,32
Maroubra Beach,Sydney City,151.257459,-33.948896,1,0.3939393939393939,33
Maroubra Beach,Sydney City,151.257459,-33.948896,2,0.1276595744680851,47
Maroubra Beach,Sydney City,151.257459,-33.948896,3,0.10256410256410256,39
Maroubra Beach,Sydney City,151.257459,-33.948896,4,0.22580645161290322,31
Maroubra Beach,Sydney City,151.257459,-33.948896,5,0.02702702702702703,37
Maroubra Beach,Sydney City,151.257459,-33.948896,6,0.05555555555555555,18
Maroubra Beach,Sydney City,151.257459,-33.948896,7,0.08823529411764706,34
Mona Vale Beach,Northern Sydney,151.313981,-33.679704,0,0.13333333333333333,30
Mona Vale Beach,Northern Sydney,151.313981,-33.679704,1,0.30303030303030304,33
Mona Vale Beach,Northern Sydney,151.313981,-33.679704,2,0.024390243902439025,41
Mona Vale Beach,Northern Sydney,151.313981,-33.679704,3,0.13793103448275862,29
Mona Vale Beach,Northern Sydney,151.313981,-33.679704,4,0.058823529411764705,34
Mona Vale Beach,Northern Sydney,151.313981,-33.679704,5,0.02702702702702703,37
Mona Vale Beach,Northern Sydney,151.313981,-33.679704,6,0.09090909090909091,22
Mona Vale Beach,Northern Sydney,151.313981,-33.679704,7,0.037037037037037035,27
Murray Rose Pool,Sydney Harbour,151.246974,-33.871276,0,0.4523809523809524,42
Murray Rose Pool,Sydney Harbour,151.246974,-33.871276,1,0.875,24
Murray Rose Pool,Sydney Harbour,151.246974,-33.871276,2,0.6,30
Murray Rose Pool,Sydney Harbour,151.246974,-33.871276,3,0.2727272727272727,22
Murray Rose Pool,Sydney Harbour,151.246974,-33.871276,4,0.21739130434782608,23
Murray Rose Pool,Sydney Harbour,151.246974,-33.871276,5,0,25
Murray Rose Pool,Sydney Harbour,151.246974,-33.871276,6,0.17857142857142858,28
Murray Rose Pool,Sydney Harbour,151.246974,-33.871276,7,0.13793103448275862,29
Narrabeen Lagoon (Birdwood Park),Northern Sydney,151.304952,-33.703993,0,0.4782608695652174,23
Narrabeen Lagoon (Birdwood Park),Northern Sydney,151.304952,-33.703993,1,0.7727272727272727,22
Narrabeen Lagoon (Birdwood Park),Northern Sydney,151.304952,-33.703993,2,0.7916666666666666,24
Narrabeen Lagoon (Birdwood Park),Northern Sydney,151.304952,-33.703993,3,0.5,12
Narrabeen Lagoon (Birdwood Park),Northern Sydney,151.304952,-33.703993,4,0.2777777777777778,18
Narrabeen Lagoon (Birdwood Park),Northern Sydney,151.304952,-33.703993,5,0.4782608695652174,23
Narrabeen Lagoon (Birdwood Park),Northern Sydney,151.304952,-33.703993,6,0.38461538461538464,13
Narrabeen Lagoon (Birdwood Park),Northern Sydney,151.304952,-33.703993,7,0.2222222222222222,18
Newport Beach,Northern Sydney,151.32375,-33.653976,0,0.3225806451612903,31
Newport Beach,Northern Sydney,151.32375,-33.653976,1,0.45454545454545453,33
Newport Beach,Northern Sydney,151.32375,-33.653976,2,0.0975609756097561,41
Newport Beach,Northern Sydney,151.32375,-33.653976,3,0.03571428571428571,28
Newport Beach,Northern Sydney,151.32375,-33.653976,4,0.058823529411764705,34
Newport Beach,Northern Sydney,151.32375,-33.653976,5,0.02702702702702703,37
Newport Beach,Northern Sydney,151.32375,-33.653976,6,0.043478260869565216,23
Newport Beach,Northern Sydney,151.32375,-33.653976,7,0.07407407407407407,27
Nielsen Park,Sydney Harbour,151.266231,-33.849925,0,0.2619047619047619,42
Nielsen Park,Sydney Harbour,151.266231,-33.849925,1,0.4,25
Nielsen Park,Sydney Harbour,151.266231,-33.849925,2,0.3,30
Nielsen Park,Sydney Harbour,151.266231,-33.849925,3,0.09523809523809523,21
Nielsen Park,Sydney Harbour,151.266231,-33.849925,4,0.13043478260869565,23
Nielsen Park,Sydney Harbour,151.266231,-33.849925,5,0.038461538461538464,26
Nielsen Park,Sydney Harbour,151.266231,-33.849925,6,0.10714285714285714,28
Nielsen Park,Sydney Harbour,151.266231,-33.849925,7,0.10344827586206896,29
North Cronulla Beach,Southern Sydney,151.15659,-34.05101,0,0.17647058823529413,34
North Cronulla Beach,Southern Sydney,151.15659,-34.05101,1,0.38461538461538464,39
North Cronulla Beach,Southern Sydney,151.15659,-34.05101,2,0.30952380952380953,42
North Cronulla Beach,Southern Sydney,151.15659,-34.05101,3,0.2619047619047619,42
North Cronulla Beach,Southern Sydney,151.15659,-34.05101,4,0.16666666666666666,30
North Cronulla Beach,Southern Sydney,151.15659,-34.05101,5,0.125,32
North Cronulla Beach,Southern Sydney,151.15659,-34.05101,6,0.034482758620689655,29
North Cronulla Beach,Southern Sydney,151.15659,-34.05101,7,0.06451612903225806,31
North Curl Curl Beach,Northern Sydney,151.298194,-33.767605,0,0.3333333333333333,33
North Curl Curl Beach,Northern Sydney,151.298194,-33.767605,1,0.7058823529411765,34
North Curl Curl Beach,Northern Sydney,151.298194,-33.767605,2,0.29545454545454547,44
North Curl Curl Beach,Northern Sydney,151.298194,-33.767605,3,0.13793103448275862,29
North Curl Curl Beach,Northern Sydney,151.298194,-33.767605,4,0.20689655172413793,29
North Curl Curl Beach,Northern Sydney,151.298194,-33.767605,5,0.2,40
North Curl Curl Beach,Northern Sydney,151.298194,-33.767605,6,0.13636363636363635,22
North Curl Curl Beach,Northern Sydney,151.298194,-33.767605,7,0.10344827586206896,29
North Narrabeen Beach,Northern Sydney,151.306407,-33.705557,0,0.21212121212121213,33
North Narrabeen Beach,Northern Sydney,151.306407,-33.705557,1,0.5151515151515151,33
North Narrabeen Beach,Northern Sydney,151.306407,-33.705557,2,0.36363636363636365,44
North Narrabeen Beach,Northern Sydney,151.306407,-33.705557,3,0.14285714285714285,28
North Narrabeen Beach,Northern Sydney,151.306407,-33.705557,4,0.20689655172413793,29
North Narrabeen Beach,Northern Sydney,151.306407,-33.705557,5,0.07692307692307693,39
North Narrabeen Beach,Northern Sydney,151.306407,-33.705557,6,0.09090909090909091,22
North Narrabeen Beach,Northern Sydney,151.306407,-33.705557,7,0.037037037037037035,27
North Steyne Beach,Northern Sydney,151.28801,-33.79099,0,0.35294117647058826,34
North Steyne Beach,Northern Sydney,151.28801,-33.79099,1,0.6060606060606061,33
North Steyne Beach,Northern Sydney,151.28801,-33.79099,2,0.2,45
North Steyne Beach,Northern Sydney,151.28801,-33.79099,3,0.20689655172413793,29
North Steyne Beach,Northern Sydney,151.28801,-33.79099,4,0.1724137931034483,29
North Steyne Beach,Northern Sydney,151.28801,-33.79099,5,0.2564102564102564,39
North Steyne Beach,Northern Sydney,151.28801,-33.79099,6,0.08695652173913043,23
North Steyne Beach,Northern Sydney,151.28801,-33.79099,7,0.07142857142857142,28
Northbridge Baths,Sydney Harbour,151.222754,-33.806043,0,0.627906976744186,43
Northbridge Baths,Sydney Harbour,151.222754,-33.806043,1,0.68,25
Northbridge Baths,Sydney Harbour,151.222754,-33.806043,2,0.7575757575757576,33
Northbridge Baths,Sydney Harbour,151.222754,-33.806043,3,0.4782608695652174,23
Northbridge Baths,Sydney Harbour,151.222754,-33.806043,4,0.4,25
Northbridge Baths,Sydney Harbour,151.222754,-33.806043,5,0.08,25
Northbridge Baths,Sydney Harbour,151.222754,-33.806043,6,0.2857142857142857,28
Northbridge Baths,Sydney Harbour,151.222754,-33.806043,7,0.2,30
Oak Park Beach,Southern Sydney,151.156853,-34.06984,0,0.15384615384615385,26
Oak Park Beach,Southern Sydney,151.156853,-34.06984,1,0.2571428571428571,35
Oak Park Beach,Southern Sydney,151.156853,-34.06984,2,0.35135135135135137,37
Oak Park Beach,Southern Sydney,151.156853,-34.06984,3,0.1891891891891892,37
Oak Park Beach,Southern Sydney,151.156853,-34.06984,4,0.23076923076923078,26
Oak Park Beach,Southern Sydney,151.156853,-34.06984,5,0.25,28
Oak Park Beach,Southern Sydney,151.156853,-34.06984,6,0.041666666666666664,24
Oak Park Beach,Southern Sydney,151.156853,-34.06984,7,0.07692307692307693,26
Palm Beach,Northern Sydney,151.325824,-33.598779,0,0.3,30
Palm Beach,Northern Sydney,151.325824,-33.598779,1,0.24242424242424243,33
Palm Beach,Northern Sydney,151.325824,-33.598779,2,0.024390243902439025,41
Palm Beach,Northern Sydney,151.325824,-33.598779,3,0,29
Palm Beach,Northern Sydney,151.325824,-33.598779,4,0.029411764705882353,34
Palm Beach,Northern Sydney,151.325824,-33.598779,5,0.02702702702702703,37
Palm Beach,Northern Sydney,151.325824,-33.598779,6,0.045454545454545456,22
Palm Beach,Northern Sydney,151.325824,-33.598779,7,0,27
Parsley Bay,Sydney Harbour,151.276441,-33.849889,0,0.5714285714285714,42
Parsley Bay,Sydney Harbour,151.276441,-33.849889,1,0.9166666666666666,24
Parsley Bay,Sydney Harbour,151.276441,-33.849889,2,0.5,30
Parsley Bay,Sydney Harbour,151.276441,-33.849889,3,0.18181818181818182,22
Parsley Bay,Sydney Harbour,151.276441,-33.849889,4,0.2608695652173913,23
Parsley Bay,Sydney Harbour,151.276441,-33.849889,5,0.12,25
Parsley Bay,Sydney Harbour,151.276441,-33.849889,6,0.14285714285714285,28
Parsley Bay,Sydney Harbour,151.276441,-33.849889,7,0.13793103448275862,29
Queenscliff Beach,Northern Sydney,151.28874,-33.78689,0,0.4117647058823529,34
Queenscliff Beach,Northern Sydney,151.28874,-33.78689,1,0.8285714285714286,35
Queenscliff Beach,Northern Sydney,151.28874,-33.78689,2,0.6222222222222222,45
Queenscliff Beach,Northern Sydney,151.28874,-33.78689,3,0.3333333333333333,30
Queenscliff Beach,Northern Sydney,151.28874,-33.78689,4,0.27586206896551724,29
Queenscliff Beach,Northern Sydney,151.28874,-33.78689,5,0.375,40
Queenscliff Beach,Northern Sydney,151.28874,-33.78689,6,0.2608695652173913,23
Queenscliff Beach,Northern Sydney,151.28874,-33.78689,7,0.16666666666666666,30
Rose Bay Beach,Sydney Harbour,151.265932,-33.870027,0,0.5952380952380952,42
Rose Bay Beach,Sydney Harbour,151.265932,-33.870027,1,0.6923076923076923,26
Rose Bay Beach,Sydney Harbour,151.265932,-33.870027,2,0.59375,32
Rose Bay Beach,Sydney Harbour,151.265932,-33.870027,3,0.22727272727272727,22
Rose Bay Beach,Sydney Harbour,151.265932,-33.870027,4,0.2,25
Rose Bay Beach,Sydney Harbour,151.265932,-33.870027,5,0.14814814814814814,27
Rose Bay Beach,Sydney Harbour,151.265932,-33.870027,6,0.2857142857142857,28
Rose Bay Beach,Sydney Harbour,151.265932,-33.870027,7,0.16129032258064516,31
Sangrado Baths,Sydney Harbour,151.238332,-33.798046,0,0.8421052631578947,19
Sangrado Baths,Sydney Harbour,151.238332,-33.798046,1,0.9230769230769231,13
Sangrado Baths,Sydney Harbour,151.238332,-33.798046,2,0.8571428571428571,7
Sangrado Baths,Sydney Harbour,151.238332,-33.798046,3,0.5555555555555556,9
Sangrado Baths,Sydney Harbour,151.238332,-33.798046,4,0.6428571428571429,14
Sangrado Baths,Sydney Harbour,151.238332,-33.798046,5,0.2222222222222222,9
Sangrado Baths,Sydney Harbour,151.238332,-33.798046,6,0.4,15
Sangrado Baths,Sydney Harbour,151.238332,-33.798046,7,0.2,15
Shelly Beach (Manly),Northern Sydney,151.297668,-33.800514,0,0.29411764705882354,34
Shelly Beach (Manly),Northern Sydney,151.297668,-33.800514,1,0.5454545454545454,33
Shelly Beach (Manly),Northern Sydney,151.297668,-33.800514,2,0.28888888888888886,45
Shelly Beach (Manly),Northern Sydney,151.297668,-33.800514,3,0.1724137931034483,29
Shelly Beach (Manly),Northern Sydney,151.297668,-33.800514,4,0.27586206896551724,29
Shelly Beach (Manly),Northern Sydney,151.297668,-33.800514,5,0.1794871794871795,39
Shelly Beach (Manly),Northern Sydney,151.297668,-33.800514,6,0.21739130434782608,23
Shelly Beach (Manly),Northern Sydney,151.297668,-33.800514,7,0.14285714285714285,28
Shelly Beach (Sutherland),Southern Sydney,151.15542,-34.06412,0,0.2222222222222222,27
Shelly Beach (Sutherland),Southern Sydney,151.15542,-34.06412,1,0.3142857142857143,35
Shelly Beach (Sutherland),Southern Sydney,151.15542,-34.06412,2,0.2702702702702703,37
Shelly Beach (Sutherland),Southern Sydney,151.15542,-34.06412,3,0.2702702702702703,37
Shelly Beach (Sutherland),Southern Sydney,151.15542,-34.06412,4,0.07692307692307693,26
Shelly Beach (Sutherland),Southern Sydney,151.15542,-34.06412,5,0.14285714285714285,28
Shelly Beach (Sutherland),Southern Sydney,151.15542,-34.06412,6,0.20833333333333334,24
Shelly Beach (Sutherland),Southern Sydney,151.15542,-34.06412,7,0.15384615384615385,26
South Cronulla Beach,Southern Sydney,151.155347,-34.055497,0,0.08823529411764706,34
South Cronulla Beach,Southern Sydney,151.155347,-34.055497,1,0.325,40
South Cronulla Beach,Southern Sydney,151.155347,-34.055497,2,0.36585365853658536,41
South Cronulla Beach,Southern Sydney,151.155347,-34.055497,3,0.38095238095238093,42
South Cronulla Beach,Southern Sydney,151.155347,-34.055497,4,0.22580645161290322,31
South Cronulla Beach,Southern Sydney,151.155347,-34.055497,5,0.12121212121212122,33
South Cronulla Beach,Southern Sydney,151.155347,-34.055497,6,0.1724137931034483,29
South Cronulla Beach,Southern Sydney,151.155347,-34.055497,7,0.12903225806451613,31
South Curl Curl Beach,Northern Sydney,151.293337,-33.773397,0,0.1875,32
South Curl Curl Beach,Northern Sydney,151.293337,-33.773397,1,0.46875,32
South Curl Curl Beach,Northern Sydney,151.293337,-33.773397,2,0.13636363636363635,44
South Curl Curl Beach,Northern Sydney,151.293337,-33.773397,3,0.14285714285714285,28
South Curl Curl Beach,Northern Sydney,151.293337,-33.773397,4,0.10344827586206896,29
South Curl Curl Beach,Northern Sydney,151.293337,-33.773397,5,0.15384615384615385,39
South Curl Curl Beach,Northern Sydney,151.293337,-33.773397,6,0.09523809523809523,21
South Curl Curl Beach,Northern Sydney,151.293337,-33.773397,7,0.037037037037037035,27
South Maroubra Beach,Sydney City,151.257322,-33.951378,0,0.16666666666666666,18
South Maroubra Beach,Sydney City,151.257322,-33.951378,1,0.42857142857142855,14
South Maroubra Beach,Sydney City,151.257322,-33.951378,2,0.18181818181818182,22
South Maroubra Beach,Sydney City,151.257322,-33.951378,3,0.058823529411764705,17
South Maroubra Beach,Sydney City,151.257322,-33.951378,4,0.07142857142857142,14
South Maroubra Beach,Sydney City,151.257322,-33.951378,5,0,15
South Maroubra Beach,Sydney City,151.257322,-33.951378,6,0,5
South Maroubra Beach,Sydney City,151.257322,-33.951378,7,0.1111111111111111,18
South Maroubra Rockpool,Sydney City,151.258009,-33.953515,0,0.4444444444444444,18
South Maroubra Rockpool,Sydney City,151.258009,-33.953515,1,0.5,14
South Maroubra Rockpool,Sydney City,151.258009,-33.953515,2,0.2608695652173913,23
South Maroubra Rockpool,Sydney City,151.258009,-33.953515,3,0.23529411764705882,17
South Maroubra Rockpool,Sydney City,151.258009,-33.953515,4,0.2857142857142857,14
South Maroubra Rockpool,Sydney City,151.258009,-33.953515,5,0.26666666666666666,15
South Maroubra Rockpool,Sydney City,151.258009,-33.953515,6,0.2,5
South Maroubra Rockpool,Sydney City,151.258009,-33.953515,7,0.2777777777777778,18
South Steyne Beach,Northern Sydney,151.2903,-33.79889,0,0.3939393939393939,33
South Steyne Beach,Northern Sydney,151.2903,-33.79889,1,0.6571428571428571,35
South Steyne Beach,Northern Sydney,151.2903,-33.79889,2,0.13333333333333333,45
South Steyne Beach,Northern Sydney,151.2903,-33.79889,3,0.2,30
South Steyne Beach,Northern Sydney,151.2903,-33.79889,4,0.1724137931034483,29
South Steyne Beach,Northern Sydney,151.2903,-33.79889,5,0.275,40
South Steyne Beach,Northern Sydney,151.2903,-33.79889,6,0.047619047619047616,21
South Steyne Beach,Northern Sydney,151.2903,-33.79889,7,0.06896551724137931,29
Tamarama Beach,Sydney City,151.270734,-33.900805,0,0.5333333333333333,30
Tamarama Beach,Sydney City,151.270734,-33.900805,1,0.65625,32
Tamarama Beach,Sydney City,151.270734,-33.900805,2,0.2765957446808511,47
Tamarama Beach,Sydney City,151.270734,-33.900805,3,0.10256410256410256,39
Tamarama Beach,Sydney City,151.270734,-33.900805,4,0.2,30
Tamarama Beach,Sydney City,151.270734,-33.900805,5,0.24324324324324326,37
Tamarama Beach,Sydney City,151.270734,-33.900805,6,0.21052631578947367,19
Tamarama Beach,Sydney City,151.270734,-33.900805,7,0.058823529411764705,34
Tambourine Bay,Sydney Harbour,151.161315,-33.828066,0,0.5476190476190477,42
Tambourine Bay,Sydney Harbour,151.161315,-33.828066,1,0.9583333333333334,24
Tambourine Bay,Sydney Harbour,151.161315,-33.828066,2,0.8666666666666667,30
Tambourine Bay,Sydney Harbour,151.161315,-33.828066,3,0.7272727272727273,22
Tambourine Bay,Sydney Harbour,151.161315,-33.828066,4,0.43478260869565216,23
Tambourine Bay,Sydney Harbour,151.161315,-33.828066,5,0.08,25
Tambourine Bay,Sydney Harbour,151.161315,-33.828066,6,0.25,28
Tambourine Bay,Sydney Harbour,151.161315,-33.828066,7,0.20689655172413793,29
Turimetta Beach,Northern Sydney,151.310937,-33.698084,0,0.2,30
Turimetta Beach,Northern Sydney,151.310937,-33.698084,1,0.4642857142857143,28
Turimetta Beach,Northern Sydney,151.310937,-33.698084,2,0.10256410256410256,39
Turimetta Beach,Northern Sydney,151.310937,-33.698084,3,0.043478260869565216,23
Turimetta Beach,Northern Sydney,151.310937,-33.698084,4,0.04,25
Turimetta Beach,Northern Sydney,151.310937,-33.698084,5,0.05555555555555555,36
Turimetta Beach,Northern Sydney,151.310937,-33.698084,6,0.058823529411764705,17
Turimetta Beach,Northern Sydney,151.310937,-33.698084,7,0.041666666666666664,24
Wanda Beach,Southern Sydney,151.1622,-34.04393,0,0.20588235294117646,34
Wanda Beach,Southern Sydney,151.1622,-34.04393,1,0.2,40
Wanda Beach,Southern Sydney,151.1622,-34.04393,2,0.2682926829268293,41
Wanda Beach,Southern Sydney,151.1622,-34.04393,3,0.23809523809523808,42
Wanda Beach,Southern Sydney,151.1622,-34.04393,4,0.12903225806451613,31
Wanda Beach,Southern Sydney,151.1622,-34.04393,5,0.15151515151515152,33
Wanda Beach,Southern Sydney,151.1622,-34.04393,6,0.06896551724137931,29
Wanda Beach,Southern Sydney,151.1622,-34.04393,7,0.16129032258064516,31
Warriewood Beach,Northern Sydney,151.309221,-33.69107,0,0.21212121212121213,33
Warriewood Beach,Northern Sydney,151.309221,-33.69107,1,0.3939393939393939,33
Warriewood Beach,Northern Sydney,151.309221,-33.69107,2,0.20454545454545456,44
Warriewood Beach,Northern Sydney,151.309221,-33.69107,3,0.10714285714285714,28
Warriewood Beach,Northern Sydney,151.309221,-33.69107,4,0.03333333333333333,30
Warriewood Beach,Northern Sydney,151.309221,-33.69107,5,0.05128205128205128,39
Warriewood Beach,Northern Sydney,151.309221,-33.69107,6,0.09090909090909091,22
Warriewood Beach,Northern Sydney,151.309221,-33.69107,7,0,27
Watsons Bay,Sydney Harbour,151.280546,-33.845115,0,0.38095238095238093,42
Watsons Bay,Sydney Harbour,151.280546,-33.845115,1,0.6666666666666666,24
Watsons Bay,Sydney Harbour,151.280546,-33.845115,2,0.4,30
Watsons Bay,Sydney Harbour,151.280546,-33.845115,3,0.18181818181818182,22
Watsons Bay,Sydney Harbour,151.280546,-33.845115,4,0.17391304347826086,23
Watsons Bay,Sydney Harbour,151.280546,-33.845115,5,0,25
Watsons Bay,Sydney Harbour,151.280546,-33.845115,6,0.25,28
Watsons Bay,Sydney Harbour,151.280546,-33.845115,7,0.06896551724137931,29
Whale Beach,Northern Sydney,151.332254,-33.611207,0,0.1935483870967742,31
Whale Beach,Northern Sydney,151.332254,-33.611207,1,0.21212121212121213,33
Whale Beach,Northern Sydney,151.332254,-33.611207,2,0.0975609756097561,41
Whale Beach,Northern Sydney,151.332254,-33.611207,3,0.10344827586206896,29
Whale Beach,Northern Sydney,151.332254,-33.611207,4,0,34
Whale Beach,Northern Sydney,151.332254,-33.611207,5,0.02702702702702703,37
Whale Beach,Northern Sydney,151.332254,-33.611207,6,0.043478260869565216,23
Whale Beach,Northern Sydney,151.332254,-33.611207,7,0,27
Woodford Bay,Sydney Harbour,151.17254,-33.831968,0,0.46511627906976744,43
Woodford Bay,Sydney Harbour,151.17254,-33.831968,1,0.7916666666666666,24
Woodford Bay,Sydney Harbour,151.17254,-33.831968,2,0.8,30
Woodford Bay,Sydney Harbour,151.17254,-33.831968,3,0.5454545454545454,22
Woodford Bay,Sydney Harbour,151.17254,-33.831968,4,0.375,24
Woodford Bay,Sydney Harbour,151.17254,-33.831968,5,0.08,25
Woodford Bay,Sydney Harbour,151.17254,-33.831968,6,0.1724137931034483,29
Woodford Bay,Sydney Harbour,151.17254,-33.831968,7,0.20689655172413793,29
Woolwich Baths,Sydney Harbour,151.16949,-33.83919,0,0.4418604651162791,43
Woolwich Baths,Sydney Harbour,151.16949,-33.83919,1,0.7916666666666666,24
Woolwich Baths,Sydney Harbour,151.16949,-33.83919,2,0.9,30
Woolwich Baths,Sydney Harbour,151.16949,-33.83919,3,0.6818181818181818,22
Woolwich Baths,Sydney Harbour,151.16949,-33.83919,4,0.5,24
Woolwich Baths,Sydney Harbour,151.16949,-33.83919,5,0.08,25
Woolwich Baths,Sydney Harbour,151.16949,-33.83919,6,0.3793103448275862,29
Woolwich Baths,Sydney Harbour,151.16949,-33.83919,7,0.1724137931034483,29
